airline,field,value,unit,document,page,level,checked_on,check,result,reasonability
lufthansa,fuel_volume_fy26,9.42,million t,lh_q2_charts,slide 17,1,2026-10-02,quote found word for word on the cited page,match,within plausible range; consistent with other figures from the same document
lufthansa,fuel_volume_q3_26,2.68,million t,lh_q2_charts,slide 17,1,2026-10-02,quote found word for word on the cited page,match,within plausible range; consistent with other figures from the same document
lufthansa,fuel_bill_fy26,8.66,bn,lh_q2_charts,slide 17,1,2026-10-02,quote found word for word on the cited page,match,within plausible range; consistent with other figures from the same document
lufthansa,jet_price_after_hedge_fy26,1036,per t,lh_q2_charts,slide 17,1,2026-10-02,quote found word for word on the cited page,match,within plausible range; consistent with other figures from the same document
lufthansa,hedge_ratio_fy26,81,%,lh_q2_charts,slide 17,1,2026-10-02,quoted words and numbers found on the cited page (two-column layout interleaves the text),match,within plausible range; consistent with other figures from the same document
lufthansa,hedge_ratio_rest_fy26,81,%,lh_q2_charts,slide 17 (column FY 2026; footnote 2),1,2026-10-02,"corrected 2 Oct 2026 after review: slide 17 has two columns (Q3 '26 82%, FY 2026 81%); the year-to-go ratio is the FY column and footnote 2 (48% + 33%) adds to 81%; earlier value 82 was the Q3 column",match,81 = 48 + 33 as printed; between Q3 82% and the 85% on slide 18
lufthansa,hedge_ratio_fy27,29,%,lh_ar_2025,p.90,1,2026-10-02,quoted words and numbers found on the cited page (two-column layout interleaves the text),match,within plausible range; consistent with other figures from the same document
lufthansa,hedge_mix_gasoil,48,% of volume,lh_q2_charts,"slide 17, footnote 2",1,2026-10-02,quote found word for word on the cited page,match,within plausible range; consistent with other figures from the same document
lufthansa,hedge_mix_brent,33,% of volume,lh_q2_charts,"slide 17, footnote 2",1,2026-10-02,quote found word for word on the cited page,match,within plausible range; consistent with other figures from the same document
lufthansa,recapture_rate,60,%,lh_q2_charts,slide 13,1,2026-10-02,quoted words and numbers found on the cited page (two-column layout interleaves the text),match,within plausible range; consistent with other figures from the same document
lufthansa,tax_rate_marginal,25,%,lh_ar_2025,p.282 (T109),1,2026-10-02,quoted words and numbers found on the cited page (two-column layout interleaves the text),match,within plausible range; consistent with other figures from the same document
lufthansa,tax_rate_effective_fy25,29,%,lh_ar_2025,p.44,1,2026-10-02,quoted words and numbers found on the cited page (two-column layout interleaves the text),match,within plausible range; consistent with other figures from the same document
lufthansa,diluted_shares,1198342268,shares,lh_ar_2025,p.284 (T112),1,2026-10-02,quote found word for word on the cited page,match,within plausible range; consistent with other figures from the same document
lufthansa,eps_fy25,1.12,per share,lh_ar_2025,p.257,1,2026-10-02,quote found word for word on the cited page,match,within plausible range; consistent with other figures from the same document
lufthansa,consensus_eps_fy26,0.9221,per share,ms_lh,"Projected income statement, EPS row",4,2026-10-02,matches the dated MarketScreener snapshot (OCR test in tests/test_consensus_reader.py) and the live MarketScreener page on 2026-10-02 (0.9216); MarketWatch not reachable by the agent,match,consensus EPS accepted as a fair projection (user decision 2 Oct 2026)
lufthansa,consensus_eps_fy27,1.299,per share,ms_lh,"Projected income statement, EPS row",4,2026-10-02,matches the dated MarketScreener snapshot (OCR test in tests/test_consensus_reader.py) and the live MarketScreener page on 2026-10-02 (1.299); MarketWatch not reachable by the agent,match,consensus EPS accepted as a fair projection (user decision 2 Oct 2026)
lufthansa,poll_ebit_fy27,2493,m,lh_poll_q2,p.1,2,2026-10-02,quoted words and numbers found on the cited page (two-column layout interleaves the text),match,within plausible range; consistent with other figures from the same document
lufthansa,operating_costs_fy25,40799,m,lh_ar_2025,"PDF p.43, table T020",1,2026-10-02,quote found word for word on the cited page,match,103% of revenue because Lufthansa reports other operating income separately; cost line not comparable on its own
lufthansa,revenue_fy25,39597,m,lh_ar_2025,PDF p.3 (key figures); T022 p.46,1,2026-10-02,quote found word for word on the cited page,match,within plausible range; consistent with other figures from the same document
lufthansa,ask_fy25,338552,million ASK,lh_ar_2025,PDF p.3 (key figures),1,2026-10-02,quote found word for word on the cited page,match,within plausible range; consistent with other figures from the same document
lufthansa,adj_operating_profit_fy25,1960,m,lh_q2_charts,slide 30,1,2026-10-02,quote found word for word on the cited page,match,within plausible range; consistent with other figures from the same document
lufthansa,guidance_low,1.7,bn,lh_q2_charts,slide 20,1,2026-10-02,quoted words and numbers found on the cited page (two-column layout interleaves the text),match,within plausible range; consistent with other figures from the same document
lufthansa,guidance_high,2.2,bn,lh_q2_charts,slide 20,1,2026-10-02,quoted words and numbers found on the cited page (two-column layout interleaves the text),match,within plausible range; consistent with other figures from the same document
lufthansa,planning_fx_usd_per_eur,1.151,USD per EUR,lh_q2_charts,"slide 17, footnote 1",1,2026-10-02,quote found word for word on the cited page,match,within plausible range; consistent with other figures from the same document
afklm,fuel_bill_fy26,8900,m,af_q2_pres,slide 16,1,2026-10-02,quoted words and numbers found on the cited page (two-column layout interleaves the text),match,within plausible range; consistent with other figures from the same document
afklm,jet_price_after_hedge_fy26,1024,per t,af_q2_pres,slide 16,1,2026-10-02,quoted words and numbers found on the cited page (two-column layout interleaves the text),match,within plausible range; consistent with other figures from the same document
afklm,hedge_ratio_fy26,67,%,af_q2_release,p.7,1,2026-10-02,quote found word for word on the cited page,match,within plausible range; consistent with other figures from the same document
afklm,hedge_ratio_q3_26,66,%,af_q2_pres,slide 16,1,2026-10-02,quote found word for word on the cited page,match,within plausible range; consistent with other figures from the same document
afklm,hedge_ratio_q4_26,61,%,af_q2_pres,slide 16,1,2026-10-02,quote found word for word on the cited page,match,within plausible range; consistent with other figures from the same document
afklm,hedge_ratio_fy27,40,%,af_q2_release,p.7,1,2026-10-02,quote found word for word on the cited page,match,within plausible range; consistent with other figures from the same document
afklm,recapture_rate,85,%,af_q2_release,p.1,1,2026-10-02,quote found word for word on the cited page,match,within plausible range; consistent with other figures from the same document
afklm,tax_rate_marginal,25.83,%,af_urd_2025,p.406 (note 13.3),1,2026-10-02,quote found word for word on the cited page,match,within plausible range; consistent with other figures from the same document
afklm,tax_rate_effective_fy25,6.6,%,af_urd_2025,p.406 (note 13.3),1,2026-10-02,quote found word for word on the cited page,match,"unusually low (6.6%) - explained in the document (deferred-tax release); context only, not used in the model"
afklm,diluted_shares,280566634,shares,af_urd_2025,p.408 (note 14),1,2026-10-02,quote found word for word on the cited page,match,within plausible range; consistent with other figures from the same document
afklm,eps_fy25,5.5,per share,af_urd_2025,p.378,1,2026-10-02,quote found word for word on the cited page,match,within plausible range; consistent with other figures from the same document
afklm,consensus_eps_fy26,3.004,per share,ms_af,"Projected income statement, EPS row",4,2026-10-02,matches the dated MarketScreener snapshot (OCR test in tests/test_consensus_reader.py) and the live MarketScreener page on 2026-10-02 (3.004); MarketWatch not reachable by the agent,match,consensus EPS accepted as a fair projection (user decision 2 Oct 2026)
afklm,consensus_eps_fy27,4.418,per share,ms_af,"Projected income statement, EPS row",4,2026-10-02,matches the dated MarketScreener snapshot (OCR test in tests/test_consensus_reader.py) and the live MarketScreener page on 2026-10-02 (4.418); MarketWatch not reachable by the agent,match,consensus EPS accepted as a fair projection (user decision 2 Oct 2026)
afklm,operating_costs_fy25,31003,m,af_urd_2025,PDF p.378 (consolidated income statement),1,2026-10-02,quote found word for word on the cited page,match,within plausible range; consistent with other figures from the same document
afklm,revenue_fy25,33007,m,af_urd_2025,PDF p.378,1,2026-10-02,quote found word for word on the cited page,match,within plausible range; consistent with other figures from the same document
afklm,ask_fy25,336577,million ASK,af_urd_2025,PDF p.376 (net cost per ASK table),1,2026-10-02,quote found word for word on the cited page,match,within plausible range; consistent with other figures from the same document
afklm,adj_operating_profit_fy25,2069,m,af_q2_pres,slide 23,1,2026-10-02,quoted words and numbers found on the cited page (two-column layout interleaves the text),match,within plausible range; consistent with other figures from the same document
iag,fuel_bill_fy26,8.6,bn,iag_h1_pres,slide 28,1,2026-10-02,statement found word for word in IAG's own H1 2026 presentation (and call transcript); the web release itself was not machine-readable,match,within plausible range; consistent with other figures from the same document
iag,hedge_ratio_fy26,70,%,iag_h1_pres,slide 30,1,2026-10-02,quote found word for word on the cited page,match,within plausible range; consistent with other figures from the same document
iag,hedge_ratio_q3_26,74,%,iag_h1_pres,slide 30,1,2026-10-02,quote found word for word on the cited page,match,within plausible range; consistent with other figures from the same document
iag,hedge_ratio_q4_26,65,%,iag_h1_pres,slide 30,1,2026-10-02,quote found word for word on the cited page,match,within plausible range; consistent with other figures from the same document
iag,recapture_rate,60,%,iag_h1_pres,slide 6 (also slide 26; call transcript),1,2026-10-02,statement found word for word in IAG's own H1 2026 presentation (and call transcript); the web release itself was not machine-readable,match,within plausible range; consistent with other figures from the same document
iag,tax_rate_marginal,24,%,iag_ar_2025,p.37,1,2026-10-02,quoted words and numbers found on the cited page (two-column layout interleaves the text),match,within plausible range; consistent with other figures from the same document
iag,tax_rate_effective_fy25,25.8,%,iag_ar_2025,p.37,1,2026-10-02,quoted words and numbers found on the cited page (two-column layout interleaves the text),match,within plausible range; consistent with other figures from the same document
iag,minority_share,0,%,iag_ar_2025,p.154,1,2026-10-02,quote found word for word on the cited page,match,nil printed (dashes) = 0%
iag,diluted_shares,5031980,thousand shares,iag_ar_2025,p.187 (note 11),1,2026-10-02,quote found word for word on the cited page,match,within plausible range; consistent with other figures from the same document
iag,eps_fy25,69.5,cents per share,iag_ar_2025,p.154,1,2026-10-02,quote found word for word on the cited page,match,within plausible range; consistent with other figures from the same document
iag,consensus_eps_fy26,0.6097,per share,ms_iag,"Projected income statement, EPS row",4,2026-10-02,matches the dated MarketScreener snapshot (OCR test in tests/test_consensus_reader.py) and the live MarketScreener page on 2026-10-02 (0.6097); MarketWatch not reachable by the agent,match,consensus EPS accepted as a fair projection (user decision 2 Oct 2026)
iag,consensus_eps_fy27,0.7839,per share,ms_iag,"Projected income statement, EPS row",4,2026-10-02,matches the dated MarketScreener snapshot (OCR test in tests/test_consensus_reader.py) and the live MarketScreener page on 2026-10-02 (0.7839); MarketWatch not reachable by the agent,match,consensus EPS accepted as a fair projection (user decision 2 Oct 2026)
iag,operating_costs_fy25,28189,m,iag_ar_2025,PDF p.154 (consolidated income statement),1,2026-10-02,quote found word for word on the cited page,match,within plausible range; consistent with other figures from the same document
iag,revenue_fy25,33213,m,iag_ar_2025,PDF p.154,1,2026-10-02,quote found word for word on the cited page,match,within plausible range; consistent with other figures from the same document
iag,ask_fy25,351435,million ASK,iag_ar_2025,PDF p.253 (operating and financial statistics),1,2026-10-02,quote found word for word on the cited page,match,within plausible range; consistent with other figures from the same document
iag,adj_operating_profit_fy25,5024,m,iag_fy25_release,p.2,1,2026-10-02,quote found word for word on the cited page,match,within plausible range; consistent with other figures from the same document
iag,guidance_low,12,% operating margin,iag_h1_pres,slide 5,1,2026-10-02,statement found word for word in IAG's own H1 2026 presentation (and call transcript); the web release itself was not machine-readable,match,within plausible range; consistent with other figures from the same document
iag,guidance_high,15,% operating margin,iag_h1_pres,slide 5,1,2026-10-02,statement found word for word in IAG's own H1 2026 presentation (and call transcript); the web release itself was not machine-readable,match,within plausible range; consistent with other figures from the same document
iag,planning_fx_usd_per_eur,1.143,USD per EUR,iag_h1_pres,slide 30,1,2026-10-02,quote found word for word on the cited page,match,within plausible range; consistent with other figures from the same document
afklm,diluted_shares_forward,262603131,shares,af_urd_2025,p.408 (note 14),1,2026-10-02,"basic weighted-average count and the sentence that no dilutive instrument is outstanding at 31 Dec 2025 found on the cited page (found in the independent data review, confirmed by the agent)",match,"within 0.1% of MarketScreener's 262,626k stock count; replaces the FY25 diluted 280.6m, which included 17.96m shares from a redeemed convertible"
